Date,DOW,Month,Day,Year,Num1,Num2,Num3,Num4,Num5,Power
"Friday Jul 28, 2023",Friday,Jul,28,2023,5,10,28,52,63,18
"Tuesday Jul 25, 2023",Tuesday,Jul,25,2023,3,5,6,44,61,25
"Friday Jul 21, 2023",Friday,Jul,21,2023,29,40,47,50,57,25
"Tuesday Jul 18, 2023",Tuesday,Jul,18,2023,19,22,31,37,54,18
"Friday Jul 14, 2023",Friday,Jul,14,2023,10,24,48,51,66,15
"Tuesday Jul 11, 2023",Tuesday,Jul,11,2023,10,17,33,51,64,5
"Friday Jul 7, 2023",Friday,Jul,7,2023,8,10,17,55,66,3
"Tuesday Jul 4, 2023",Tuesday,Jul,4,2023,21,33,54,61,67,12
"Friday Jun 30, 2023",Friday,Jun,30,2023,13,22,47,51,55,9
"Tuesday Jun 27, 2023",Tuesday,Jun,27,2023,8,34,35,41,52,12
"Friday Jun 23, 2023",Friday,Jun,23,2023,13,62,65,67,69,14
"Tuesday Jun 20, 2023",Tuesday,Jun,20,2023,6,37,39,45,46,21
"Friday Jun 16, 2023",Friday,Jun,16,2023,4,24,34,45,57,19
"Tuesday Jun 13, 2023",Tuesday,Jun,13,2023,8,10,19,44,47,4
"Friday Jun 9, 2023",Friday,Jun,9,2023,3,19,53,60,68,13
"Tuesday Jun 6, 2023",Tuesday,Jun,6,2023,6,12,23,29,57,4
"Friday Jun 2, 2023",Friday,Jun,2,2023,3,16,19,36,60,25
"Tuesday May 30, 2023",Tuesday,May,30,2023,13,16,40,64,68,21
"Friday May 26, 2023",Friday,May,26,2023,12,20,37,41,64,1
"Tuesday May 23, 2023",Tuesday,May,23,2023,3,10,22,65,66,19
"Friday May 19, 2023",Friday,May,19,2023,5,11,41,44,55,14
"Tuesday May 16, 2023",Tuesday,May,16,2023,15,34,36,69,70,17
"Friday May 12, 2023",Friday,May,12,2023,1,2,23,40,45,15
"Tuesday May 9, 2023",Tuesday,May,9,2023,4,37,46,48,51,19
"Friday May 5, 2023",Friday,May,5,2023,16,18,28,42,43,11
"Tuesday May 2, 2023",Tuesday,May,2,2023,3,15,16,32,41,9
"Friday Apr 28, 2023",Friday,Apr,28,2023,18,38,53,62,64,20
"Tuesday Apr 25, 2023",Tuesday,Apr,25,2023,8,29,46,47,48,12
"Friday Apr 21, 2023",Friday,Apr,21,2023,3,21,29,46,63,9
"Tuesday Apr 18, 2023",Tuesday,Apr,18,2023,7,9,15,19,25,4
"Friday Apr 14, 2023",Friday,Apr,14,2023,23,27,41,48,51,22
"Tuesday Apr 11, 2023",Tuesday,Apr,11,2023,31,35,53,54,55,24
"Friday Apr 7, 2023",Friday,Apr,7,2023,12,32,49,51,66,21
"Tuesday Apr 4, 2023",Tuesday,Apr,4,2023,1,37,45,62,64,4
"Friday Mar 31, 2023",Friday,Mar,31,2023,16,26,27,42,61,23
"Tuesday Mar 28, 2023",Tuesday,Mar,28,2023,2,3,18,32,68,24
"Friday Mar 24, 2023",Friday,Mar,24,2023,14,17,33,42,66,15
"Tuesday Mar 21, 2023",Tuesday,Mar,21,2023,1,21,25,27,40,11
"Friday Mar 17, 2023",Friday,Mar,17,2023,26,28,29,39,49,25
"Tuesday Mar 14, 2023",Tuesday,Mar,14,2023,1,7,23,38,55,2
"Friday Mar 10, 2023",Friday,Mar,10,2023,9,20,59,60,63,5
"Tuesday Mar 7, 2023",Tuesday,Mar,7,2023,15,22,25,28,69,21
"Friday Mar 3, 2023",Friday,Mar,3,2023,8,25,36,39,67,11
"Tuesday Feb 28, 2023",Tuesday,Feb,28,2023,14,16,40,52,59,13
"Friday Feb 24, 2023",Friday,Feb,24,2023,2,22,49,65,67,7
"Tuesday Feb 21, 2023",Tuesday,Feb,21,2023,2,15,30,36,63,24
"Friday Feb 17, 2023",Friday,Feb,17,2023,2,33,38,57,70,13
"Tuesday Feb 14, 2023",Tuesday,Feb,14,2023,23,24,35,40,43,1
"Friday Feb 10, 2023",Friday,Feb,10,2023,20,29,30,52,58,19
"Tuesday Feb 7, 2023",Tuesday,Feb,7,2023,9,15,46,55,57,4
"Friday Feb 3, 2023",Friday,Feb,3,2023,1,4,50,54,59,17
"Tuesday Jan 31, 2023",Tuesday,Jan,31,2023,7,9,18,29,39,13
"Friday Jan 27, 2023",Friday,Jan,27,2023,4,43,46,47,61,22
"Tuesday Jan 24, 2023",Tuesday,Jan,24,2023,33,41,47,50,62,20
"Friday Jan 20, 2023",Friday,Jan,20,2023,20,29,31,64,66,17
"Tuesday Jan 17, 2023",Tuesday,Jan,17,2023,2,12,18,24,39,18
"Friday Jan 13, 2023",Friday,Jan,13,2023,30,43,45,46,61,14
"Tuesday Jan 10, 2023",Tuesday,Jan,10,2023,7,13,14,15,18,9
"Friday Jan 6, 2023",Friday,Jan,6,2023,3,20,46,59,63,13
"Tuesday Jan 3, 2023",Tuesday,Jan,3,2023,25,29,33,41,44,18
"Friday Dec 30, 2022",Friday,Dec,30,2022,1,3,6,44,51,7
"Tuesday Dec 27, 2022",Tuesday,Dec,27,2022,9,13,36,59,61,11
"Friday Dec 23, 2022",Friday,Dec,23,2022,15,21,32,38,62,8
"Tuesday Dec 20, 2022",Tuesday,Dec,20,2022,3,4,33,36,52,17
"Friday Dec 16, 2022",Friday,Dec,16,2022,8,35,40,53,56,11
"Tuesday Dec 13, 2022",Tuesday,Dec,13,2022,14,22,48,58,68,6
"Friday Dec 9, 2022",Friday,Dec,9,2022,8,19,53,61,69,19
"Tuesday Dec 6, 2022",Tuesday,Dec,6,2022,15,16,19,28,47,13
"Friday Dec 2, 2022",Friday,Dec,2,2022,1,21,36,46,52,16
"Tuesday Nov 29, 2022",Tuesday,Nov,29,2022,20,23,37,46,52,6
"Friday Nov 25, 2022",Friday,Nov,25,2022,29,31,46,54,67,18
"Tuesday Nov 22, 2022",Tuesday,Nov,22,2022,13,23,24,25,43,2
"Friday Nov 18, 2022",Friday,Nov,18,2022,2,14,16,38,66,9
"Tuesday Nov 15, 2022",Tuesday,Nov,15,2022,6,19,28,46,61,18
"Friday Nov 11, 2022",Friday,Nov,11,2022,1,5,17,37,70,22
"Tuesday Nov 8, 2022",Tuesday,Nov,8,2022,5,13,29,38,59,23
"Friday Nov 4, 2022",Friday,Nov,4,2022,2,20,47,55,59,19
"Tuesday Nov 1, 2022",Tuesday,Nov,1,2022,5,9,15,16,17,25
"Friday Oct 28, 2022",Friday,Oct,28,2022,4,18,31,53,69,7
"Tuesday Oct 25, 2022",Tuesday,Oct,25,2022,21,30,35,45,66,21
"Friday Oct 21, 2022",Friday,Oct,21,2022,34,36,43,45,68,22
"Tuesday Oct 18, 2022",Tuesday,Oct,18,2022,1,15,20,44,67,23
"Friday Oct 14, 2022",Friday,Oct,14,2022,9,22,26,41,44,19
"Tuesday Oct 11, 2022",Tuesday,Oct,11,2022,3,7,11,13,38,1
"Friday Oct 7, 2022",Friday,Oct,7,2022,6,11,29,36,55,21
"Tuesday Oct 4, 2022",Tuesday,Oct,4,2022,15,18,25,33,38,25
"Friday Sep 30, 2022",Friday,Sep,30,2022,16,26,37,40,51,6
"Tuesday Sep 27, 2022",Tuesday,Sep,27,2022,8,14,24,43,51,9
"Friday Sep 23, 2022",Friday,Sep,23,2022,5,50,53,58,64,22
"Tuesday Sep 20, 2022",Tuesday,Sep,20,2022,9,21,28,30,52,10
"Friday Sep 16, 2022",Friday,Sep,16,2022,15,30,35,38,66,12
"Tuesday Sep 13, 2022",Tuesday,Sep,13,2022,14,25,38,59,64,21
"Friday Sep 9, 2022",Friday,Sep,9,2022,16,21,54,55,69,22
"Tuesday Sep 6, 2022",Tuesday,Sep,6,2022,6,17,46,59,68,2
"Friday Sep 2, 2022",Friday,Sep,2,2022,39,40,52,60,67,20
"Tuesday Aug 30, 2022",Tuesday,Aug,30,2022,2,38,55,57,65,17
"Friday Aug 26, 2022",Friday,Aug,26,2022,6,27,30,38,64,23
"Tuesday Aug 23, 2022",Tuesday,Aug,23,2022,3,5,47,48,67,7
"Friday Aug 19, 2022",Friday,Aug,19,2022,12,18,24,46,65,3
"Tuesday Aug 16, 2022",Tuesday,Aug,16,2022,33,35,41,45,51,1
"Friday Aug 12, 2022",Friday,Aug,12,2022,23,24,50,54,64,3
"Tuesday Aug 9, 2022",Tuesday,Aug,9,2022,1,8,10,25,32,13
"Friday Aug 5, 2022",Friday,Aug,5,2022,2,5,29,64,69,18
"Tuesday Aug 2, 2022",Tuesday,Aug,2,2022,10,14,25,37,63,14
"Friday Jul 29, 2022",Friday,Jul,29,2022,13,36,45,57,67,14
"Tuesday Jul 26, 2022",Tuesday,Jul,26,2022,7,29,60,63,66,15
"Friday Jul 22, 2022",Friday,Jul,22,2022,14,40,60,64,66,16
"Tuesday Jul 19, 2022",Tuesday,Jul,19,2022,2,31,32,37,70,25
"Friday Jul 15, 2022",Friday,Jul,15,2022,8,20,26,53,64,15
"Tuesday Jul 12, 2022",Tuesday,Jul,12,2022,4,7,10,45,64,12
"Friday Jul 8, 2022",Friday,Jul,8,2022,20,36,61,62,69,20
"Tuesday Jul 5, 2022",Tuesday,Jul,5,2022,27,31,50,51,61,21
"Friday Jul 1, 2022",Friday,Jul,1,2022,1,27,29,38,62,12
"Tuesday Jun 28, 2022",Tuesday,Jun,28,2022,7,12,21,43,55,11
"Friday Jun 24, 2022",Friday,Jun,24,2022,1,7,11,25,56,14
"Tuesday Jun 21, 2022",Tuesday,Jun,21,2022,8,13,18,32,42,20
"Friday Jun 17, 2022",Friday,Jun,17,2022,20,36,53,56,69,16
"Tuesday Jun 14, 2022",Tuesday,Jun,14,2022,30,37,38,42,58,22
"Friday Jun 10, 2022",Friday,Jun,10,2022,3,12,14,18,32,4
"Tuesday Jun 7, 2022",Tuesday,Jun,7,2022,4,34,40,41,53,3
"Friday Jun 3, 2022",Friday,Jun,3,2022,11,16,22,48,59,11
"Tuesday May 31, 2022",Tuesday,May,31,2022,6,15,41,63,64,24
"Friday May 27, 2022",Friday,May,27,2022,3,14,40,53,54,8
"Tuesday May 24, 2022",Tuesday,May,24,2022,3,5,6,63,68,25
"Friday May 20, 2022",Friday,May,20,2022,33,40,59,60,69,22
"Tuesday May 17, 2022",Tuesday,May,17,2022,7,21,24,41,65,24
"Friday May 13, 2022",Friday,May,13,2022,11,41,43,44,65,13
"Tuesday May 10, 2022",Tuesday,May,10,2022,15,19,20,61,70,9
"Friday May 6, 2022",Friday,May,6,2022,16,21,33,52,70,10
"Tuesday May 3, 2022",Tuesday,May,3,2022,15,19,27,35,57,17
"Friday Apr 29, 2022",Friday,Apr,29,2022,9,11,34,49,66,15
"Tuesday Apr 26, 2022",Tuesday,Apr,26,2022,5,7,19,46,69,2
"Friday Apr 22, 2022",Friday,Apr,22,2022,7,28,29,58,59,10
"Tuesday Apr 19, 2022",Tuesday,Apr,19,2022,2,9,33,47,53,24
"Friday Apr 15, 2022",Friday,Apr,15,2022,4,17,20,46,64,23
"Tuesday Apr 12, 2022",Tuesday,Apr,12,2022,2,8,14,20,31,17
"Friday Apr 8, 2022",Friday,Apr,8,2022,8,11,29,32,40,2
"Tuesday Apr 5, 2022",Tuesday,Apr,5,2022,22,43,60,63,64,18
"Friday Apr 1, 2022",Friday,Apr,1,2022,26,42,47,48,63,21
"Tuesday Mar 29, 2022",Tuesday,Mar,29,2022,7,22,36,45,47,12
"Friday Mar 25, 2022",Friday,Mar,25,2022,3,13,42,51,58,17
"Tuesday Mar 22, 2022",Tuesday,Mar,22,2022,8,15,21,27,61,8
"Friday Mar 18, 2022",Friday,Mar,18,2022,2,6,25,40,45,5
"Tuesday Mar 15, 2022",Tuesday,Mar,15,2022,9,14,28,59,60,24
"Friday Mar 11, 2022",Friday,Mar,11,2022,24,28,39,44,66,25
"Tuesday Mar 8, 2022",Tuesday,Mar,8,2022,7,18,38,58,64,24
"Friday Mar 4, 2022",Friday,Mar,4,2022,11,19,28,46,47,5
"Tuesday Mar 1, 2022",Tuesday,Mar,1,2022,18,22,38,39,50,18
"Friday Feb 25, 2022",Friday,Feb,25,2022,15,31,40,56,66,4
"Tuesday Feb 22, 2022",Tuesday,Feb,22,2022,6,17,22,57,62,3
"Friday Feb 18, 2022",Friday,Feb,18,2022,6,11,50,63,68,17
"Tuesday Feb 15, 2022",Tuesday,Feb,15,2022,2,4,15,21,63,19
"Friday Feb 11, 2022",Friday,Feb,11,2022,11,16,23,24,30,24
"Tuesday Feb 8, 2022",Tuesday,Feb,8,2022,1,17,20,52,54,2
"Friday Feb 4, 2022",Friday,Feb,4,2022,7,16,34,44,61,24
"Tuesday Feb 1, 2022",Tuesday,Feb,1,2022,11,24,38,62,66,1
"Friday Jan 28, 2022",Friday,Jan,28,2022,3,16,25,44,55,13
"Tuesday Jan 25, 2022",Tuesday,Jan,25,2022,3,12,38,53,58,13
"Friday Jan 21, 2022",Friday,Jan,21,2022,38,45,46,55,67,18
"Tuesday Jan 18, 2022",Tuesday,Jan,18,2022,4,19,39,42,52,9
"Friday Jan 14, 2022",Friday,Jan,14,2022,5,8,13,22,48,25
"Tuesday Jan 11, 2022",Tuesday,Jan,11,2022,2,3,19,52,58,16
"Friday Jan 7, 2022",Friday,Jan,7,2022,7,29,43,56,57,6
"Tuesday Jan 4, 2022",Tuesday,Jan,4,2022,4,6,16,21,22,1
"Friday Dec 31, 2021",Friday,Dec,31,2021,2,5,30,46,61,8
"Tuesday Dec 28, 2021",Tuesday,Dec,28,2021,3,5,8,31,38,4
"Friday Dec 24, 2021",Friday,Dec,24,2021,16,17,25,36,37,16
"Tuesday Dec 21, 2021",Tuesday,Dec,21,2021,25,31,58,64,67,24
"Friday Dec 17, 2021",Friday,Dec,17,2021,21,32,38,48,62,10
"Tuesday Dec 14, 2021",Tuesday,Dec,14,2021,33,35,44,55,69,20
"Friday Dec 10, 2021",Friday,Dec,10,2021,23,25,40,42,60,8
"Tuesday Dec 7, 2021",Tuesday,Dec,7,2021,1,7,40,43,68,1
"Friday Dec 3, 2021",Friday,Dec,3,2021,22,45,48,58,61,13
"Tuesday Nov 30, 2021",Tuesday,Nov,30,2021,7,8,26,30,39,17
"Friday Nov 26, 2021",Friday,Nov,26,2021,7,27,37,42,59,2
"Tuesday Nov 23, 2021",Tuesday,Nov,23,2021,7,24,54,57,58,6
"Friday Nov 19, 2021",Friday,Nov,19,2021,5,23,52,53,59,18
"Tuesday Nov 16, 2021",Tuesday,Nov,16,2021,6,22,44,53,65,3
"Friday Nov 12, 2021",Friday,Nov,12,2021,30,32,42,46,48,15
"Tuesday Nov 9, 2021",Tuesday,Nov,9,2021,9,14,16,26,49,14
"Friday Nov 5, 2021",Friday,Nov,5,2021,10,15,20,66,68,18
"Tuesday Nov 2, 2021",Tuesday,Nov,2,2021,5,10,26,58,65,9
"Friday Oct 29, 2021",Friday,Oct,29,2021,15,26,28,35,45,4
"Tuesday Oct 26, 2021",Tuesday,Oct,26,2021,6,14,19,56,62,9
"Friday Oct 22, 2021",Friday,Oct,22,2021,9,14,26,29,66,22
"Tuesday Oct 19, 2021",Tuesday,Oct,19,2021,3,12,13,19,52,1
"Friday Oct 15, 2021",Friday,Oct,15,2021,3,20,31,34,65,18
"Tuesday Oct 12, 2021",Tuesday,Oct,12,2021,21,26,56,61,65,4
"Friday Oct 8, 2021",Friday,Oct,8,2021,21,24,36,40,70,22
"Tuesday Oct 5, 2021",Tuesday,Oct,5,2021,7,11,18,30,36,4
"Friday Oct 1, 2021",Friday,Oct,1,2021,21,25,36,62,63,6
"Tuesday Sep 28, 2021",Tuesday,Sep,28,2021,18,30,43,68,69,22
"Friday Sep 24, 2021",Friday,Sep,24,2021,17,21,27,43,56,15
"Tuesday Sep 21, 2021",Tuesday,Sep,21,2021,36,41,45,51,56,13
"Friday Sep 17, 2021",Friday,Sep,17,2021,17,32,40,59,61,18
"Tuesday Sep 14, 2021",Tuesday,Sep,14,2021,4,13,19,63,64,16
"Friday Sep 10, 2021",Friday,Sep,10,2021,20,32,35,47,64,18
"Tuesday Sep 7, 2021",Tuesday,Sep,7,2021,15,17,25,32,53,12
"Friday Sep 3, 2021",Friday,Sep,3,2021,7,10,12,61,65,3
"Tuesday Aug 31, 2021",Tuesday,Aug,31,2021,8,14,31,58,68,15
"Friday Aug 27, 2021",Friday,Aug,27,2021,1,10,44,47,56,23
"Tuesday Aug 24, 2021",Tuesday,Aug,24,2021,17,18,26,52,67,19
"Friday Aug 20, 2021",Friday,Aug,20,2021,41,43,51,57,70,1
"Tuesday Aug 17, 2021",Tuesday,Aug,17,2021,3,6,16,38,56,24
"Friday Aug 13, 2021",Friday,Aug,13,2021,17,21,35,40,53,11
"Tuesday Aug 10, 2021",Tuesday,Aug,10,2021,29,45,50,59,62,12
"Friday Aug 6, 2021",Friday,Aug,6,2021,9,18,40,46,69,9
"Tuesday Aug 3, 2021",Tuesday,Aug,3,2021,1,9,17,27,34,24
"Friday Jul 30, 2021",Friday,Jul,30,2021,19,26,31,52,68,10
"Tuesday Jul 27, 2021",Tuesday,Jul,27,2021,2,35,36,54,64,11
"Friday Jul 23, 2021",Friday,Jul,23,2021,13,17,19,40,69,17
"Tuesday Jul 20, 2021",Tuesday,Jul,20,2021,10,26,30,52,57,10
"Friday Jul 16, 2021",Friday,Jul,16,2021,24,25,47,52,57,24
"Tuesday Jul 13, 2021",Tuesday,Jul,13,2021,3,10,17,26,55,24
"Friday Jul 9, 2021",Friday,Jul,9,2021,6,37,39,41,46,17
"Tuesday Jul 6, 2021",Tuesday,Jul,6,2021,18,47,63,68,69,14
"Friday Jul 2, 2021",Friday,Jul,2,2021,8,31,32,34,45,19
"Tuesday Jun 29, 2021",Tuesday,Jun,29,2021,7,38,50,52,69,21
"Friday Jun 25, 2021",Friday,Jun,25,2021,17,20,42,45,65,12
"Tuesday Jun 22, 2021",Tuesday,Jun,22,2021,1,26,48,51,59,25
"Friday Jun 18, 2021",Friday,Jun,18,2021,14,36,44,46,53,18
"Tuesday Jun 15, 2021",Tuesday,Jun,15,2021,18,22,27,38,52,11
"Friday Jun 11, 2021",Friday,Jun,11,2021,4,43,56,63,68,13
"Tuesday Jun 8, 2021",Tuesday,Jun,8,2021,9,22,39,41,54,19
"Friday Jun 4, 2021",Friday,Jun,4,2021,4,30,34,41,64,8
"Tuesday Jun 1, 2021",Tuesday,Jun,1,2021,7,11,33,58,63,23
"Friday May 28, 2021",Friday,May,28,2021,10,14,20,47,70,15
"Tuesday May 25, 2021",Tuesday,May,25,2021,14,21,31,34,54,11
"Friday May 21, 2021",Friday,May,21,2021,6,9,17,18,48,8
"Tuesday May 18, 2021",Tuesday,May,18,2021,3,5,56,61,66,4
"Friday May 14, 2021",Friday,May,14,2021,3,18,41,44,68,3
"Tuesday May 11, 2021",Tuesday,May,11,2021,7,8,20,36,39,22
"Friday May 7, 2021",Friday,May,7,2021,5,10,19,21,50,10
"Tuesday May 4, 2021",Tuesday,May,4,2021,4,27,32,57,63,22
"Friday Apr 30, 2021",Friday,Apr,30,2021,8,19,26,48,49,5
"Tuesday Apr 27, 2021",Tuesday,Apr,27,2021,15,22,30,41,42,25
"Friday Apr 23, 2021",Friday,Apr,23,2021,4,28,29,30,60,25
"Tuesday Apr 20, 2021",Tuesday,Apr,20,2021,6,23,43,49,52,5
"Friday Apr 16, 2021",Friday,Apr,16,2021,17,27,28,50,55,25
"Tuesday Apr 13, 2021",Tuesday,Apr,13,2021,10,15,19,45,68,9
"Friday Apr 9, 2021",Friday,Apr,9,2021,22,26,27,58,66,12
"Tuesday Apr 6, 2021",Tuesday,Apr,6,2021,1,19,20,32,42,17
"Friday Apr 2, 2021",Friday,Apr,2,2021,10,42,48,53,62,19
"Tuesday Mar 30, 2021",Tuesday,Mar,30,2021,11,37,47,53,56,15
"Friday Mar 26, 2021",Friday,Mar,26,2021,4,25,37,46,67,15
"Tuesday Mar 23, 2021",Tuesday,Mar,23,2021,12,23,35,38,55,11
"Friday Mar 19, 2021",Friday,Mar,19,2021,9,14,40,58,69,8
"Tuesday Mar 16, 2021",Tuesday,Mar,16,2021,10,41,46,52,69,8
"Friday Mar 12, 2021",Friday,Mar,12,2021,2,24,25,31,65,18
"Tuesday Mar 9, 2021",Tuesday,Mar,9,2021,4,33,46,58,65,13
"Friday Mar 5, 2021",Friday,Mar,5,2021,10,11,17,27,54,20
"Tuesday Mar 2, 2021",Tuesday,Mar,2,2021,4,8,13,34,64,18
"Friday Feb 26, 2021",Friday,Feb,26,2021,11,15,37,62,64,5
"Tuesday Feb 23, 2021",Tuesday,Feb,23,2021,5,7,9,20,57,15
"Friday Feb 19, 2021",Friday,Feb,19,2021,27,32,47,50,53,4
"Tuesday Feb 16, 2021",Tuesday,Feb,16,2021,1,36,44,54,66,10
"Friday Feb 12, 2021",Friday,Feb,12,2021,5,14,24,25,27,14
"Tuesday Feb 9, 2021",Tuesday,Feb,9,2021,7,18,21,31,40,9
"Friday Feb 5, 2021",Friday,Feb,5,2021,14,17,28,29,44,2
"Tuesday Feb 2, 2021",Tuesday,Feb,2,2021,13,37,38,40,67,10
"Friday Jan 29, 2021",Friday,Jan,29,2021,4,44,58,59,70,3
"Tuesday Jan 26, 2021",Tuesday,Jan,26,2021,29,49,56,66,67,24
"Friday Jan 22, 2021",Friday,Jan,22,2021,4,26,42,50,60,24
"Tuesday Jan 19, 2021",Tuesday,Jan,19,2021,10,19,26,28,50,16
"Friday Jan 15, 2021",Friday,Jan,15,2021,3,11,12,38,43,15
"Tuesday Jan 12, 2021",Tuesday,Jan,12,2021,12,14,26,28,33,9
"Friday Jan 8, 2021",Friday,Jan,8,2021,3,6,16,18,58,11
"Tuesday Jan 5, 2021",Tuesday,Jan,5,2021,20,43,51,55,57,4
"Friday Jan 1, 2021",Friday,Jan,1,2021,8,24,53,68,69,7
"Tuesday Dec 29, 2020",Tuesday,Dec,29,2020,1,31,35,48,62,19
"Friday Dec 25, 2020",Friday,Dec,25,2020,17,23,36,69,70,19
"Tuesday Dec 22, 2020",Tuesday,Dec,22,2020,29,53,56,59,67,21
"Friday Dec 18, 2020",Friday,Dec,18,2020,7,15,25,51,60,5
"Tuesday Dec 15, 2020",Tuesday,Dec,15,2020,1,10,18,20,46,15
"Friday Dec 11, 2020",Friday,Dec,11,2020,19,31,37,55,67,25
"Tuesday Dec 8, 2020",Tuesday,Dec,8,2020,15,19,33,39,68,25
"Friday Dec 4, 2020",Friday,Dec,4,2020,3,19,24,44,50,8
"Tuesday Dec 1, 2020",Tuesday,Dec,1,2020,7,33,53,61,65,14
"Friday Nov 27, 2020",Friday,Nov,27,2020,4,10,27,35,58,10
"Tuesday Nov 24, 2020",Tuesday,Nov,24,2020,9,15,34,61,64,6
"Friday Nov 20, 2020",Friday,Nov,20,2020,26,33,45,61,68,17
"Tuesday Nov 17, 2020",Tuesday,Nov,17,2020,8,13,35,46,68,16
"Friday Nov 13, 2020",Friday,Nov,13,2020,6,7,14,28,59,7
"Tuesday Nov 10, 2020",Tuesday,Nov,10,2020,23,45,53,58,62,13
"Friday Nov 6, 2020",Friday,Nov,6,2020,18,24,27,34,60,2
"Tuesday Nov 3, 2020",Tuesday,Nov,3,2020,7,31,44,45,55,19
"Friday Oct 30, 2020",Friday,Oct,30,2020,14,19,34,39,59,11
"Tuesday Oct 27, 2020",Tuesday,Oct,27,2020,6,13,34,46,62,1
"Friday Oct 23, 2020",Friday,Oct,23,2020,18,34,44,60,69,22
"Tuesday Oct 20, 2020",Tuesday,Oct,20,2020,46,54,57,58,66,10
"Friday Oct 16, 2020",Friday,Oct,16,2020,27,32,50,52,57,12
"Tuesday Oct 13, 2020",Tuesday,Oct,13,2020,11,44,45,46,70,25
"Friday Oct 9, 2020",Friday,Oct,9,2020,5,11,25,27,64,13
"Tuesday Oct 6, 2020",Tuesday,Oct,6,2020,15,16,18,39,59,17
"Friday Oct 2, 2020",Friday,Oct,2,2020,9,38,47,49,68,25
"Tuesday Sep 29, 2020",Tuesday,Sep,29,2020,14,39,43,44,67,19
"Friday Sep 25, 2020",Friday,Sep,25,2020,20,36,37,48,67,16
"Tuesday Sep 22, 2020",Tuesday,Sep,22,2020,36,43,44,55,68,12
"Friday Sep 18, 2020",Friday,Sep,18,2020,26,29,41,52,64,11
"Tuesday Sep 15, 2020",Tuesday,Sep,15,2020,25,28,38,59,62,22
"Friday Sep 11, 2020",Friday,Sep,11,2020,3,15,42,48,56,13
"Tuesday Sep 8, 2020",Tuesday,Sep,8,2020,7,10,15,31,57,21
"Friday Sep 4, 2020",Friday,Sep,4,2020,19,22,24,28,53,25
"Tuesday Sep 1, 2020",Tuesday,Sep,1,2020,15,25,26,38,47,22
"Friday Aug 28, 2020",Friday,Aug,28,2020,3,9,50,53,64,1
"Tuesday Aug 25, 2020",Tuesday,Aug,25,2020,8,10,15,17,57,12
"Friday Aug 21, 2020",Friday,Aug,21,2020,11,15,31,42,63,14
"Tuesday Aug 18, 2020",Tuesday,Aug,18,2020,4,18,26,27,58,23
"Friday Aug 14, 2020",Friday,Aug,14,2020,3,24,29,42,47,13
"Tuesday Aug 11, 2020",Tuesday,Aug,11,2020,8,22,29,43,56,9
"Friday Aug 7, 2020",Friday,Aug,7,2020,4,44,53,64,70,3
"Tuesday Aug 4, 2020",Tuesday,Aug,4,2020,2,22,30,42,62,20
"Friday Jul 31, 2020",Friday,Jul,31,2020,12,35,46,48,69,23
"Tuesday Jul 28, 2020",Tuesday,Jul,28,2020,17,20,27,31,34,19
"Friday Jul 24, 2020",Friday,Jul,24,2020,8,33,39,54,58,17
"Tuesday Jul 21, 2020",Tuesday,Jul,21,2020,14,25,26,41,43,15
"Friday Jul 17, 2020",Friday,Jul,17,2020,12,13,21,46,57,21
"Tuesday Jul 14, 2020",Tuesday,Jul,14,2020,6,26,55,56,64,22
"Friday Jul 10, 2020",Friday,Jul,10,2020,10,15,20,49,53,22
"Tuesday Jul 7, 2020",Tuesday,Jul,7,2020,16,20,25,30,43,18
"Friday Jul 3, 2020",Friday,Jul,3,2020,20,40,44,45,50,24
"Tuesday Jun 30, 2020",Tuesday,Jun,30,2020,9,16,29,37,53,11
"Friday Jun 26, 2020",Friday,Jun,26,2020,19,33,37,56,57,6
"Tuesday Jun 23, 2020",Tuesday,Jun,23,2020,6,20,37,40,48,15
"Friday Jun 19, 2020",Friday,Jun,19,2020,11,34,36,52,66,7
"Tuesday Jun 16, 2020",Tuesday,Jun,16,2020,21,23,33,35,42,6
"Friday Jun 12, 2020",Friday,Jun,12,2020,9,14,57,67,70,2
"Tuesday Jun 9, 2020",Tuesday,Jun,9,2020,1,5,9,10,23,22
"Friday Jun 5, 2020",Friday,Jun,5,2020,32,35,37,47,55,22
"Tuesday Jun 2, 2020",Tuesday,Jun,2,2020,9,20,23,26,29,8
"Friday May 29, 2020",Friday,May,29,2020,10,13,32,41,51,3
"Tuesday May 26, 2020",Tuesday,May,26,2020,34,52,58,59,62,4
"Friday May 22, 2020",Friday,May,22,2020,8,10,20,44,46,18
"Tuesday May 19, 2020",Tuesday,May,19,2020,8,19,25,36,66,9
"Friday May 15, 2020",Friday,May,15,2020,11,17,32,33,46,25
"Tuesday May 12, 2020",Tuesday,May,12,2020,7,16,27,44,52,5
"Friday May 8, 2020",Friday,May,8,2020,5,20,22,61,70,4
"Tuesday May 5, 2020",Tuesday,May,5,2020,7,13,17,21,45,14
"Friday May 1, 2020",Friday,May,1,2020,28,30,31,35,66,14
"Tuesday Apr 28, 2020",Tuesday,Apr,28,2020,13,19,53,54,63,17
"Friday Apr 24, 2020",Friday,Apr,24,2020,1,27,32,60,67,18
"Tuesday Apr 21, 2020",Tuesday,Apr,21,2020,13,15,24,67,70,17
"Friday Apr 17, 2020",Friday,Apr,17,2020,13,35,39,46,55,14
"Tuesday Apr 14, 2020",Tuesday,Apr,14,2020,29,47,65,69,70,7
"Friday Apr 10, 2020",Friday,Apr,10,2020,2,11,21,57,60,13
"Tuesday Apr 7, 2020",Tuesday,Apr,7,2020,25,33,43,51,68,20
"Friday Apr 3, 2020",Friday,Apr,3,2020,24,38,44,57,58,17
"Tuesday Mar 31, 2020",Tuesday,Mar,31,2020,8,17,51,57,70,2
"Friday Mar 27, 2020",Friday,Mar,27,2020,3,25,28,50,60,1
"Tuesday Mar 24, 2020",Tuesday,Mar,24,2020,2,8,16,18,31,14
"Friday Mar 20, 2020",Friday,Mar,20,2020,34,35,41,45,54,5
"Tuesday Mar 17, 2020",Tuesday,Mar,17,2020,20,27,28,58,59,25
"Friday Mar 13, 2020",Friday,Mar,13,2020,7,22,37,43,44,22
"Tuesday Mar 10, 2020",Tuesday,Mar,10,2020,6,17,48,54,69,12
"Friday Mar 6, 2020",Friday,Mar,6,2020,15,48,56,58,70,4
"Tuesday Mar 3, 2020",Tuesday,Mar,3,2020,8,12,33,56,64,2
"Friday Feb 28, 2020",Friday,Feb,28,2020,2,3,14,41,64,17
"Tuesday Feb 25, 2020",Tuesday,Feb,25,2020,2,9,43,49,63,15
"Friday Feb 21, 2020",Friday,Feb,21,2020,4,7,13,16,60,6
"Tuesday Feb 18, 2020",Tuesday,Feb,18,2020,6,12,39,61,70,4
"Friday Feb 14, 2020",Friday,Feb,14,2020,10,32,48,54,55,18
"Tuesday Feb 11, 2020",Tuesday,Feb,11,2020,4,6,32,52,64,6
"Friday Feb 7, 2020",Friday,Feb,7,2020,9,14,27,36,52,4
"Tuesday Feb 4, 2020",Tuesday,Feb,4,2020,32,48,50,51,64,10
"Friday Jan 31, 2020",Friday,Jan,31,2020,28,31,33,57,62,19
"Tuesday Jan 28, 2020",Tuesday,Jan,28,2020,17,36,47,51,62,21
"Friday Jan 24, 2020",Friday,Jan,24,2020,3,4,18,23,38,24
"Tuesday Jan 21, 2020",Tuesday,Jan,21,2020,16,18,29,31,37,8
"Friday Jan 17, 2020",Friday,Jan,17,2020,3,25,30,54,70,9
"Tuesday Jan 14, 2020",Tuesday,Jan,14,2020,9,11,13,31,47,11
"Friday Jan 10, 2020",Friday,Jan,10,2020,17,27,49,51,66,2
"Tuesday Jan 7, 2020",Tuesday,Jan,7,2020,25,40,41,52,56,21
"Friday Jan 3, 2020",Friday,Jan,3,2020,37,41,42,53,63,16
"Tuesday Dec 31, 2019",Tuesday,Dec,31,2019,30,44,49,53,56,11
"Friday Dec 27, 2019",Friday,Dec,27,2019,17,34,40,63,64,24
"Tuesday Dec 24, 2019",Tuesday,Dec,24,2019,27,37,48,63,66,11
"Friday Dec 20, 2019",Friday,Dec,20,2019,3,20,23,35,60,16
"Tuesday Dec 17, 2019",Tuesday,Dec,17,2019,22,30,53,55,56,16
"Friday Dec 13, 2019",Friday,Dec,13,2019,17,21,29,39,56,22
"Tuesday Dec 10, 2019",Tuesday,Dec,10,2019,18,31,46,54,61,25
"Friday Dec 6, 2019",Friday,Dec,6,2019,20,31,40,46,61,20
"Tuesday Dec 3, 2019",Tuesday,Dec,3,2019,23,43,60,63,69,19
"Friday Nov 29, 2019",Friday,Nov,29,2019,6,8,31,50,65,9
"Tuesday Nov 26, 2019",Tuesday,Nov,26,2019,8,27,29,38,43,13
"Friday Nov 22, 2019",Friday,Nov,22,2019,7,12,17,49,53,24
"Tuesday Nov 19, 2019",Tuesday,Nov,19,2019,22,43,44,47,66,22
"Friday Nov 15, 2019",Friday,Nov,15,2019,12,19,34,35,68,20
"Tuesday Nov 12, 2019",Tuesday,Nov,12,2019,19,30,44,56,65,24
"Friday Nov 8, 2019",Friday,Nov,8,2019,3,4,10,39,58,14
"Tuesday Nov 5, 2019",Tuesday,Nov,5,2019,2,9,24,49,54,19
"Friday Nov 1, 2019",Friday,Nov,1,2019,9,20,36,41,54,22
"Tuesday Oct 29, 2019",Tuesday,Oct,29,2019,4,9,17,27,39,22
"Friday Oct 25, 2019",Friday,Oct,25,2019,16,24,25,52,60,6
"Tuesday Oct 22, 2019",Tuesday,Oct,22,2019,5,11,14,23,25,10
"Friday Oct 18, 2019",Friday,Oct,18,2019,18,58,60,65,67,20
"Tuesday Oct 15, 2019",Tuesday,Oct,15,2019,4,12,14,35,70,2
"Friday Oct 11, 2019",Friday,Oct,11,2019,14,22,30,37,60,8
"Tuesday Oct 8, 2019",Tuesday,Oct,8,2019,5,8,10,17,48,23
"Friday Oct 4, 2019",Friday,Oct,4,2019,11,38,44,48,70,17
"Tuesday Oct 1, 2019",Tuesday,Oct,1,2019,10,17,39,42,59,3
"Friday Sep 27, 2019",Friday,Sep,27,2019,12,20,31,43,45,20
"Tuesday Sep 24, 2019",Tuesday,Sep,24,2019,6,14,24,42,46,9
"Friday Sep 20, 2019",Friday,Sep,20,2019,23,24,42,48,53,22
"Tuesday Sep 17, 2019",Tuesday,Sep,17,2019,12,15,30,50,65,1
"Friday Sep 13, 2019",Friday,Sep,13,2019,6,16,37,59,62,5
"Tuesday Sep 10, 2019",Tuesday,Sep,10,2019,34,47,48,50,55,24
"Friday Sep 6, 2019",Friday,Sep,6,2019,4,11,13,19,31,10
"Tuesday Sep 3, 2019",Tuesday,Sep,3,2019,13,20,27,61,62,5
"Friday Aug 30, 2019",Friday,Aug,30,2019,3,9,11,34,39,10
"Tuesday Aug 27, 2019",Tuesday,Aug,27,2019,8,12,23,39,43,6
"Friday Aug 23, 2019",Friday,Aug,23,2019,11,15,37,54,68,21
"Tuesday Aug 20, 2019",Tuesday,Aug,20,2019,8,14,25,51,63,4
"Friday Aug 16, 2019",Friday,Aug,16,2019,4,14,24,26,46,14
"Tuesday Aug 13, 2019",Tuesday,Aug,13,2019,7,27,31,34,51,5
"Friday Aug 9, 2019",Friday,Aug,9,2019,15,53,56,59,63,1
"Tuesday Aug 6, 2019",Tuesday,Aug,6,2019,11,17,31,43,55,16
"Friday Aug 2, 2019",Friday,Aug,2,2019,11,20,26,48,70,19
"Tuesday Jul 30, 2019",Tuesday,Jul,30,2019,10,24,28,33,38,6
"Friday Jul 26, 2019",Friday,Jul,26,2019,4,6,11,43,48,11
"Tuesday Jul 23, 2019",Tuesday,Jul,23,2019,1,4,23,40,45,11
"Friday Jul 19, 2019",Friday,Jul,19,2019,16,18,28,33,67,14
"Tuesday Jul 16, 2019",Tuesday,Jul,16,2019,8,16,31,48,52,23
"Friday Jul 12, 2019",Friday,Jul,12,2019,8,25,38,56,59,7
"Tuesday Jul 9, 2019",Tuesday,Jul,9,2019,12,26,40,48,64,1
"Friday Jul 5, 2019",Friday,Jul,5,2019,6,38,47,57,63,12
"Tuesday Jul 2, 2019",Tuesday,Jul,2,2019,3,25,37,40,55,13
"Friday Jun 28, 2019",Friday,Jun,28,2019,2,35,49,53,63,1
"Tuesday Jun 25, 2019",Tuesday,Jun,25,2019,24,33,45,47,61,17
"Friday Jun 21, 2019",Friday,Jun,21,2019,13,30,36,48,62,18
"Tuesday Jun 18, 2019",Tuesday,Jun,18,2019,12,14,22,24,48,21
"Friday Jun 14, 2019",Friday,Jun,14,2019,19,40,47,57,65,6
"Tuesday Jun 11, 2019",Tuesday,Jun,11,2019,20,34,39,43,57,13
"Friday Jun 7, 2019",Friday,Jun,7,2019,17,19,27,40,68,2
"Tuesday Jun 4, 2019",Tuesday,Jun,4,2019,25,37,46,48,68,25
"Friday May 31, 2019",Friday,May,31,2019,7,8,26,65,67,4
"Tuesday May 28, 2019",Tuesday,May,28,2019,9,21,34,42,50,21
"Friday May 24, 2019",Friday,May,24,2019,14,41,44,56,62,10
"Tuesday May 21, 2019",Tuesday,May,21,2019,10,50,55,56,58,15
"Friday May 17, 2019",Friday,May,17,2019,5,17,28,32,63,11
"Tuesday May 14, 2019",Tuesday,May,14,2019,11,59,66,67,68,18
"Friday May 10, 2019",Friday,May,10,2019,3,16,21,61,62,19
"Tuesday May 7, 2019",Tuesday,May,7,2019,3,6,34,54,63,19
"Friday May 3, 2019",Friday,May,3,2019,8,16,22,66,68,11
"Tuesday Apr 30, 2019",Tuesday,Apr,30,2019,24,37,41,61,70,20
"Friday Apr 26, 2019",Friday,Apr,26,2019,9,17,23,30,46,10
"Tuesday Apr 23, 2019",Tuesday,Apr,23,2019,7,24,30,48,67,9
"Friday Apr 19, 2019",Friday,Apr,19,2019,18,25,43,44,57,25
"Tuesday Apr 16, 2019",Tuesday,Apr,16,2019,11,29,34,48,54,10
"Friday Apr 12, 2019",Friday,Apr,12,2019,1,24,25,40,70,4
"Tuesday Apr 9, 2019",Tuesday,Apr,9,2019,11,22,34,44,58,9
"Friday Apr 5, 2019",Friday,Apr,5,2019,8,22,24,38,64,21
"Tuesday Apr 2, 2019",Tuesday,Apr,2,2019,33,47,58,59,64,25
"Friday Mar 29, 2019",Friday,Mar,29,2019,5,14,15,62,66,3
"Tuesday Mar 26, 2019",Tuesday,Mar,26,2019,4,14,22,43,58,9
"Friday Mar 22, 2019",Friday,Mar,22,2019,7,36,58,60,62,10
"Tuesday Mar 19, 2019",Tuesday,Mar,19,2019,10,42,53,67,68,15
"Friday Mar 15, 2019",Friday,Mar,15,2019,3,29,56,62,64,4
"Tuesday Mar 12, 2019",Tuesday,Mar,12,2019,10,12,16,49,57,18
"Friday Mar 8, 2019",Friday,Mar,8,2019,4,9,42,62,68,7
"Tuesday Mar 5, 2019",Tuesday,Mar,5,2019,15,20,32,37,52,6
"Friday Mar 1, 2019",Friday,Mar,1,2019,29,33,39,60,66,21
"Tuesday Feb 26, 2019",Tuesday,Feb,26,2019,10,12,14,24,60,20
"Friday Feb 22, 2019",Friday,Feb,22,2019,18,24,31,34,55,4
"Tuesday Feb 19, 2019",Tuesday,Feb,19,2019,17,24,34,56,65,3
"Friday Feb 15, 2019",Friday,Feb,15,2019,10,38,40,43,65,12
"Tuesday Feb 12, 2019",Tuesday,Feb,12,2019,15,32,39,50,65,7
"Friday Feb 8, 2019",Friday,Feb,8,2019,14,24,31,42,48,13
"Tuesday Feb 5, 2019",Tuesday,Feb,5,2019,3,34,36,59,66,7
"Friday Feb 1, 2019",Friday,Feb,1,2019,2,37,48,66,68,11
"Tuesday Jan 29, 2019",Tuesday,Jan,29,2019,10,33,53,54,62,22
"Friday Jan 25, 2019",Friday,Jan,25,2019,8,16,30,38,61,10
"Tuesday Jan 22, 2019",Tuesday,Jan,22,2019,4,15,37,59,64,16
"Friday Jan 18, 2019",Friday,Jan,18,2019,2,43,48,62,64,24
"Tuesday Jan 15, 2019",Tuesday,Jan,15,2019,29,52,58,60,62,7
"Friday Jan 11, 2019",Friday,Jan,11,2019,4,5,31,62,69,20
"Tuesday Jan 8, 2019",Tuesday,Jan,8,2019,13,26,29,38,64,5
"Friday Jan 4, 2019",Friday,Jan,4,2019,21,29,35,54,60,15
"Tuesday Jan 1, 2019",Tuesday,Jan,1,2019,34,44,57,62,70,14
"Friday Dec 28, 2018",Friday,Dec,28,2018,9,10,25,37,38,21
"Tuesday Dec 25, 2018",Tuesday,Dec,25,2018,2,8,42,43,50,6
"Friday Dec 21, 2018",Friday,Dec,21,2018,10,13,61,62,70,5
"Tuesday Dec 18, 2018",Tuesday,Dec,18,2018,13,22,32,60,69,9
"Friday Dec 14, 2018",Friday,Dec,14,2018,5,22,26,43,49,23
"Tuesday Dec 11, 2018",Tuesday,Dec,11,2018,4,38,39,54,59,12
"Friday Dec 7, 2018",Friday,Dec,7,2018,4,10,20,33,57,13
"Tuesday Dec 4, 2018",Tuesday,Dec,4,2018,28,31,41,42,50,4
"Friday Nov 30, 2018",Friday,Nov,30,2018,25,28,40,43,63,19
"Tuesday Nov 27, 2018",Tuesday,Nov,27,2018,12,24,37,42,57,18
"Friday Nov 23, 2018",Friday,Nov,23,2018,7,10,30,33,59,23
"Tuesday Nov 20, 2018",Tuesday,Nov,20,2018,10,16,31,42,66,10
"Friday Nov 16, 2018",Friday,Nov,16,2018,33,36,63,68,69,16
"Tuesday Nov 13, 2018",Tuesday,Nov,13,2018,34,46,57,65,69,11
"Friday Nov 9, 2018",Friday,Nov,9,2018,8,14,27,57,67,5
"Tuesday Nov 6, 2018",Tuesday,Nov,6,2018,28,34,37,56,69,12
"Friday Nov 2, 2018",Friday,Nov,2,2018,3,23,28,46,62,16
"Tuesday Oct 30, 2018",Tuesday,Oct,30,2018,20,31,39,46,49,23
"Friday Oct 26, 2018",Friday,Oct,26,2018,1,28,61,62,63,5
"Tuesday Oct 23, 2018",Tuesday,Oct,23,2018,5,28,62,65,70,5
"Friday Oct 19, 2018",Friday,Oct,19,2018,15,23,53,65,70,7
"Tuesday Oct 16, 2018",Tuesday,Oct,16,2018,3,45,49,61,69,9
"Friday Oct 12, 2018",Friday,Oct,12,2018,4,24,46,61,70,7
"Tuesday Oct 9, 2018",Tuesday,Oct,9,2018,20,22,39,54,60,18
"Friday Oct 5, 2018",Friday,Oct,5,2018,27,28,32,41,69,12
"Tuesday Oct 2, 2018",Tuesday,Oct,2,2018,2,22,29,31,34,1
"Friday Sep 28, 2018",Friday,Sep,28,2018,39,45,52,56,59,15
"Tuesday Sep 25, 2018",Tuesday,Sep,25,2018,8,16,32,48,61,12
"Friday Sep 21, 2018",Friday,Sep,21,2018,1,2,11,52,64,9
"Tuesday Sep 18, 2018",Tuesday,Sep,18,2018,31,32,43,63,68,17
"Friday Sep 14, 2018",Friday,Sep,14,2018,23,30,40,43,66,13
"Tuesday Sep 11, 2018",Tuesday,Sep,11,2018,15,30,51,62,67,19
"Friday Sep 7, 2018",Friday,Sep,7,2018,8,10,41,54,68,10
"Tuesday Sep 4, 2018",Tuesday,Sep,4,2018,2,7,25,35,44,3
"Friday Aug 31, 2018",Friday,Aug,31,2018,7,18,29,32,45,17
"Tuesday Aug 28, 2018",Tuesday,Aug,28,2018,3,20,33,34,41,20
"Friday Aug 24, 2018",Friday,Aug,24,2018,1,6,13,18,49,8
"Tuesday Aug 21, 2018",Tuesday,Aug,21,2018,14,16,19,38,57,11
"Friday Aug 17, 2018",Friday,Aug,17,2018,1,31,32,47,56,3
"Tuesday Aug 14, 2018",Tuesday,Aug,14,2018,11,26,44,45,46,11
"Friday Aug 10, 2018",Friday,Aug,10,2018,1,3,12,22,42,6
"Tuesday Aug 7, 2018",Tuesday,Aug,7,2018,2,13,15,21,62,2
"Friday Aug 3, 2018",Friday,Aug,3,2018,9,28,30,54,60,2
"Tuesday Jul 31, 2018",Tuesday,Jul,31,2018,12,15,35,64,69,9
"Friday Jul 27, 2018",Friday,Jul,27,2018,1,32,40,49,63,20
"Tuesday Jul 24, 2018",Tuesday,Jul,24,2018,1,2,4,19,29,20
"Friday Jul 20, 2018",Friday,Jul,20,2018,1,14,30,44,62,1
"Tuesday Jul 17, 2018",Tuesday,Jul,17,2018,40,41,61,66,67,12
"Friday Jul 13, 2018",Friday,Jul,13,2018,21,22,39,59,68,2
"Tuesday Jul 10, 2018",Tuesday,Jul,10,2018,1,17,28,56,70,14
"Friday Jul 6, 2018",Friday,Jul,6,2018,2,10,46,50,56,16
"Tuesday Jul 3, 2018",Tuesday,Jul,3,2018,13,35,45,49,68,23
"Friday Jun 29, 2018",Friday,Jun,29,2018,2,32,47,49,68,23
"Tuesday Jun 26, 2018",Tuesday,Jun,26,2018,17,25,29,39,60,19
"Friday Jun 22, 2018",Friday,Jun,22,2018,2,6,11,27,44,20
"Tuesday Jun 19, 2018",Tuesday,Jun,19,2018,11,13,28,65,70,14
"Friday Jun 15, 2018",Friday,Jun,15,2018,1,11,37,47,51,6
"Tuesday Jun 12, 2018",Tuesday,Jun,12,2018,1,3,5,8,70,3
"Friday Jun 8, 2018",Friday,Jun,8,2018,14,30,33,44,56,13
"Tuesday Jun 5, 2018",Tuesday,Jun,5,2018,22,33,41,48,52,4
"Friday Jun 1, 2018",Friday,Jun,1,2018,5,24,52,62,66,17
"Tuesday May 29, 2018",Tuesday,May,29,2018,2,11,55,58,67,2
"Friday May 25, 2018",Friday,May,25,2018,11,14,51,64,68,25
"Tuesday May 22, 2018",Tuesday,May,22,2018,16,17,21,36,48,9
"Friday May 18, 2018",Friday,May,18,2018,9,26,53,64,66,11
"Tuesday May 15, 2018",Tuesday,May,15,2018,21,34,44,49,61,21
"Friday May 11, 2018",Friday,May,11,2018,14,38,40,53,70,22
"Tuesday May 8, 2018",Tuesday,May,8,2018,8,15,39,64,67,13
"Friday May 4, 2018",Friday,May,4,2018,4,5,10,12,18,21
"Tuesday May 1, 2018",Tuesday,May,1,2018,2,7,20,55,70,1
"Friday Apr 27, 2018",Friday,Apr,27,2018,2,29,38,63,66,11
"Tuesday Apr 24, 2018",Tuesday,Apr,24,2018,3,19,31,32,48,10
"Friday Apr 20, 2018",Friday,Apr,20,2018,1,15,18,32,45,4
"Tuesday Apr 17, 2018",Tuesday,Apr,17,2018,12,34,44,47,65,22
"Friday Apr 13, 2018",Friday,Apr,13,2018,8,9,32,42,59,10
"Tuesday Apr 10, 2018",Tuesday,Apr,10,2018,5,13,31,43,53,20
"Friday Apr 6, 2018",Friday,Apr,6,2018,16,33,51,54,67,20
"Tuesday Apr 3, 2018",Tuesday,Apr,3,2018,4,29,39,42,62,14
"Friday Mar 30, 2018",Friday,Mar,30,2018,11,28,31,46,59,1
"Tuesday Mar 27, 2018",Tuesday,Mar,27,2018,7,25,43,56,59,13
"Friday Mar 23, 2018",Friday,Mar,23,2018,4,8,23,53,59,17
"Tuesday Mar 20, 2018",Tuesday,Mar,20,2018,14,38,51,64,70,9
"Friday Mar 16, 2018",Friday,Mar,16,2018,1,13,26,33,52,11
"Tuesday Mar 13, 2018",Tuesday,Mar,13,2018,6,30,58,60,61,17
"Friday Mar 9, 2018",Friday,Mar,9,2018,7,17,18,46,66,22
"Tuesday Mar 6, 2018",Tuesday,Mar,6,2018,1,4,26,35,39,22
"Friday Mar 2, 2018",Friday,Mar,2,2018,24,28,42,60,64,8
"Tuesday Feb 27, 2018",Tuesday,Feb,27,2018,10,17,21,38,43,23
"Friday Feb 23, 2018",Friday,Feb,23,2018,7,11,13,19,58,9
"Tuesday Feb 20, 2018",Tuesday,Feb,20,2018,17,19,23,24,43,14
"Friday Feb 16, 2018",Friday,Feb,16,2018,14,38,48,53,58,16
"Tuesday Feb 13, 2018",Tuesday,Feb,13,2018,5,12,15,46,49,1
"Friday Feb 9, 2018",Friday,Feb,9,2018,28,34,41,46,47,14
"Tuesday Feb 6, 2018",Tuesday,Feb,6,2018,14,17,25,48,58,25
"Friday Feb 2, 2018",Friday,Feb,2,2018,1,4,14,17,40,4
"Tuesday Jan 30, 2018",Tuesday,Jan,30,2018,29,41,42,49,57,24
"Friday Jan 26, 2018",Friday,Jan,26,2018,10,16,27,38,43,1
"Tuesday Jan 23, 2018",Tuesday,Jan,23,2018,2,6,30,31,55,7
"Friday Jan 19, 2018",Friday,Jan,19,2018,3,17,23,49,66,23
"Tuesday Jan 16, 2018",Tuesday,Jan,16,2018,3,11,23,29,59,18
"Friday Jan 12, 2018",Friday,Jan,12,2018,17,18,33,46,60,24
"Tuesday Jan 9, 2018",Tuesday,Jan,9,2018,16,29,31,65,67,23
"Friday Jan 5, 2018",Friday,Jan,5,2018,28,30,39,59,70,10
"Tuesday Jan 2, 2018",Tuesday,Jan,2,2018,1,42,47,64,70,22
"Friday Dec 29, 2017",Friday,Dec,29,2017,4,10,18,28,62,7
"Tuesday Dec 26, 2017",Tuesday,Dec,26,2017,10,12,20,38,41,25
"Friday Dec 22, 2017",Friday,Dec,22,2017,1,20,30,33,42,16
"Tuesday Dec 19, 2017",Tuesday,Dec,19,2017,28,37,39,42,58,2
"Friday Dec 15, 2017",Friday,Dec,15,2017,4,12,36,44,57,19
"Tuesday Dec 12, 2017",Tuesday,Dec,12,2017,8,23,24,25,27,9
"Friday Dec 8, 2017",Friday,Dec,8,2017,6,37,46,60,70,24
"Tuesday Dec 5, 2017",Tuesday,Dec,5,2017,14,15,37,42,67,22
"Friday Dec 1, 2017",Friday,Dec,1,2017,16,22,40,41,59,8
"Tuesday Nov 28, 2017",Tuesday,Nov,28,2017,10,17,47,51,61,5
"Friday Nov 24, 2017",Friday,Nov,24,2017,16,36,54,61,64,22
"Tuesday Nov 21, 2017",Tuesday,Nov,21,2017,3,7,22,27,50,3
"Friday Nov 17, 2017",Friday,Nov,17,2017,3,26,55,58,70,15
"Tuesday Nov 14, 2017",Tuesday,Nov,14,2017,1,14,21,22,28,19
"Friday Nov 10, 2017",Friday,Nov,10,2017,6,23,38,42,58,24
"Tuesday Nov 7, 2017",Tuesday,Nov,7,2017,1,54,60,68,69,11
"Friday Nov 3, 2017",Friday,Nov,3,2017,10,22,42,61,69,3
"Tuesday Oct 31, 2017",Tuesday,Oct,31,2017,6,28,31,52,53,12
"Friday Oct 27, 2017",Friday,Oct,27,2017,17,27,41,51,52,13
"Tuesday Oct 24, 2017",Tuesday,Oct,24,2017,20,24,34,56,64,6
"Friday Oct 20, 2017",Friday,Oct,20,2017,6,23,63,66,73,9
"Tuesday Oct 17, 2017",Tuesday,Oct,17,2017,31,45,49,56,70,11
"Friday Oct 13, 2017",Friday,Oct,13,2017,2,7,18,26,31,12
"Tuesday Oct 10, 2017",Tuesday,Oct,10,2017,7,16,24,61,62,2
"Friday Oct 6, 2017",Friday,Oct,6,2017,21,33,36,45,56,12
"Tuesday Oct 3, 2017",Tuesday,Oct,3,2017,12,18,19,25,67,7
"Friday Sep 29, 2017",Friday,Sep,29,2017,25,51,62,73,74,7
"Tuesday Sep 26, 2017",Tuesday,Sep,26,2017,1,10,57,66,75,4
"Friday Sep 22, 2017",Friday,Sep,22,2017,5,39,54,63,66,15
"Tuesday Sep 19, 2017",Tuesday,Sep,19,2017,9,28,31,50,61,10
"Friday Sep 15, 2017",Friday,Sep,15,2017,18,24,34,38,58,3
"Tuesday Sep 12, 2017",Tuesday,Sep,12,2017,26,37,41,54,65,3
"Friday Sep 8, 2017",Friday,Sep,8,2017,4,5,14,26,73,14
"Tuesday Sep 5, 2017",Tuesday,Sep,5,2017,11,17,59,70,72,1
"Friday Sep 1, 2017",Friday,Sep,1,2017,4,13,31,50,64,12
"Tuesday Aug 29, 2017",Tuesday,Aug,29,2017,2,13,17,35,73,3
"Friday Aug 25, 2017",Friday,Aug,25,2017,17,38,42,51,65,11
"Tuesday Aug 22, 2017",Tuesday,Aug,22,2017,24,35,46,50,51,7
"Friday Aug 18, 2017",Friday,Aug,18,2017,1,31,34,40,75,6
"Tuesday Aug 15, 2017",Tuesday,Aug,15,2017,7,16,20,66,73,7
"Friday Aug 11, 2017",Friday,Aug,11,2017,23,33,53,56,58,6
"Tuesday Aug 8, 2017",Tuesday,Aug,8,2017,11,17,50,52,74,14
"Friday Aug 4, 2017",Friday,Aug,4,2017,9,17,25,63,71,4
"Tuesday Aug 1, 2017",Tuesday,Aug,1,2017,20,22,52,57,73,7
"Friday Jul 28, 2017",Friday,Jul,28,2017,4,6,31,49,52,11
"Tuesday Jul 25, 2017",Tuesday,Jul,25,2017,2,5,26,58,60,6
"Friday Jul 21, 2017",Friday,Jul,21,2017,18,31,36,50,74,10
"Tuesday Jul 18, 2017",Tuesday,Jul,18,2017,8,12,23,51,73,6
"Friday Jul 14, 2017",Friday,Jul,14,2017,11,12,24,32,73,1
"Tuesday Jul 11, 2017",Tuesday,Jul,11,2017,7,18,24,55,74,10
"Friday Jul 7, 2017",Friday,Jul,7,2017,2,9,11,28,60,10
"Tuesday Jul 4, 2017",Tuesday,Jul,4,2017,16,39,47,53,71,15
"Friday Jun 30, 2017",Friday,Jun,30,2017,10,38,51,55,64,6
"Tuesday Jun 27, 2017",Tuesday,Jun,27,2017,4,21,45,52,57,14
"Friday Jun 23, 2017",Friday,Jun,23,2017,12,20,53,66,74,11
"Tuesday Jun 20, 2017",Tuesday,Jun,20,2017,2,15,41,49,63,3
"Friday Jun 16, 2017",Friday,Jun,16,2017,18,22,26,30,44,9
"Tuesday Jun 13, 2017",Tuesday,Jun,13,2017,27,51,62,68,75,8
"Friday Jun 9, 2017",Friday,Jun,9,2017,3,16,28,33,37,9
"Tuesday Jun 6, 2017",Tuesday,Jun,6,2017,3,5,16,49,75,5
"Friday Jun 2, 2017",Friday,Jun,2,2017,7,42,57,69,72,10
"Tuesday May 30, 2017",Tuesday,May,30,2017,5,20,32,37,67,5
"Friday May 26, 2017",Friday,May,26,2017,25,26,28,37,56,5
"Tuesday May 23, 2017",Tuesday,May,23,2017,6,13,17,33,60,14
"Friday May 19, 2017",Friday,May,19,2017,1,4,5,24,30,1
"Tuesday May 16, 2017",Tuesday,May,16,2017,4,35,39,56,72,11
"Friday May 12, 2017",Friday,May,12,2017,28,34,41,42,47,13
"Tuesday May 9, 2017",Tuesday,May,9,2017,6,29,45,69,73,11
"Friday May 5, 2017",Friday,May,5,2017,4,23,33,47,53,7
"Tuesday May 2, 2017",Tuesday,May,2,2017,5,14,42,43,58,1
"Friday Apr 28, 2017",Friday,Apr,28,2017,6,13,18,20,31,13
"Tuesday Apr 25, 2017",Tuesday,Apr,25,2017,3,13,33,40,50,2
"Friday Apr 21, 2017",Friday,Apr,21,2017,1,12,13,32,34,10
"Tuesday Apr 18, 2017",Tuesday,Apr,18,2017,8,29,30,43,64,6
"Friday Apr 14, 2017",Friday,Apr,14,2017,5,10,55,60,73,12
"Tuesday Apr 11, 2017",Tuesday,Apr,11,2017,19,34,35,38,49,8
"Friday Apr 7, 2017",Friday,Apr,7,2017,30,33,43,47,69,15
"Tuesday Apr 4, 2017",Tuesday,Apr,4,2017,13,24,34,35,55,9
"Friday Mar 31, 2017",Friday,Mar,31,2017,17,24,27,32,58,10
"Tuesday Mar 28, 2017",Tuesday,Mar,28,2017,30,33,35,37,46,10
"Friday Mar 24, 2017",Friday,Mar,24,2017,5,28,37,61,69,1
"Tuesday Mar 21, 2017",Tuesday,Mar,21,2017,4,45,53,73,75,7
"Friday Mar 17, 2017",Friday,Mar,17,2017,11,27,31,58,60,10
"Tuesday Mar 14, 2017",Tuesday,Mar,14,2017,16,23,28,33,59,13
"Friday Mar 10, 2017",Friday,Mar,10,2017,26,38,42,58,70,5
"Tuesday Mar 7, 2017",Tuesday,Mar,7,2017,3,30,45,53,68,11
"Friday Mar 3, 2017",Friday,Mar,3,2017,14,26,39,48,51,9
"Tuesday Feb 28, 2017",Tuesday,Feb,28,2017,20,33,45,58,69,4
"Friday Feb 24, 2017",Friday,Feb,24,2017,12,29,33,42,68,14
"Tuesday Feb 21, 2017",Tuesday,Feb,21,2017,9,21,30,32,75,9
"Friday Feb 17, 2017",Friday,Feb,17,2017,4,56,58,67,75,8
"Tuesday Feb 14, 2017",Tuesday,Feb,14,2017,7,11,33,60,68,15
"Friday Feb 10, 2017",Friday,Feb,10,2017,32,39,51,62,75,14
"Tuesday Feb 7, 2017",Tuesday,Feb,7,2017,23,28,37,56,71,12
"Friday Feb 3, 2017",Friday,Feb,3,2017,3,6,29,30,64,3
"Tuesday Jan 31, 2017",Tuesday,Jan,31,2017,3,14,27,62,72,4
"Friday Jan 27, 2017",Friday,Jan,27,2017,17,37,53,54,61,8
"Tuesday Jan 24, 2017",Tuesday,Jan,24,2017,8,42,54,63,67,11
"Friday Jan 20, 2017",Friday,Jan,20,2017,7,9,24,41,53,14
"Tuesday Jan 17, 2017",Tuesday,Jan,17,2017,20,31,54,56,59,3
"Friday Jan 13, 2017",Friday,Jan,13,2017,10,44,58,74,75,11
"Tuesday Jan 10, 2017",Tuesday,Jan,10,2017,11,20,40,41,59,15
"Friday Jan 6, 2017",Friday,Jan,6,2017,6,10,44,47,54,6
"Tuesday Jan 3, 2017",Tuesday,Jan,3,2017,14,16,23,49,53,12
"Friday Dec 30, 2016",Friday,Dec,30,2016,6,21,33,39,43,2
"Tuesday Dec 27, 2016",Tuesday,Dec,27,2016,2,28,30,38,39,11
"Friday Dec 23, 2016",Friday,Dec,23,2016,21,30,39,60,69,15
"Tuesday Dec 20, 2016",Tuesday,Dec,20,2016,1,12,14,48,65,2
"Friday Dec 16, 2016",Friday,Dec,16,2016,1,8,15,36,43,6
"Tuesday Dec 13, 2016",Tuesday,Dec,13,2016,2,15,26,34,41,14
"Friday Dec 9, 2016",Friday,Dec,9,2016,19,27,47,67,68,1
"Tuesday Dec 6, 2016",Tuesday,Dec,6,2016,13,34,48,53,63,12
"Friday Dec 2, 2016",Friday,Dec,2,2016,3,33,35,49,51,1
"Tuesday Nov 29, 2016",Tuesday,Nov,29,2016,22,33,49,51,59,8
"Friday Nov 25, 2016",Friday,Nov,25,2016,44,47,49,69,75,10
"Tuesday Nov 22, 2016",Tuesday,Nov,22,2016,1,43,45,66,69,7
"Friday Nov 18, 2016",Friday,Nov,18,2016,31,32,49,55,58,15
"Tuesday Nov 15, 2016",Tuesday,Nov,15,2016,9,17,23,57,71,6
"Friday Nov 11, 2016",Friday,Nov,11,2016,16,40,47,53,59,11
"Tuesday Nov 8, 2016",Tuesday,Nov,8,2016,46,48,53,61,74,12
"Friday Nov 4, 2016",Friday,Nov,4,2016,10,29,32,44,46,10
"Tuesday Nov 1, 2016",Tuesday,Nov,1,2016,19,24,31,39,45,13
"Friday Oct 28, 2016",Friday,Oct,28,2016,7,38,46,57,66,2
"Tuesday Oct 25, 2016",Tuesday,Oct,25,2016,8,9,24,49,67,13
"Friday Oct 21, 2016",Friday,Oct,21,2016,12,43,44,48,66,3
"Tuesday Oct 18, 2016",Tuesday,Oct,18,2016,7,24,28,65,74,1
"Friday Oct 14, 2016",Friday,Oct,14,2016,7,27,60,64,74,5
"Tuesday Oct 11, 2016",Tuesday,Oct,11,2016,36,39,42,45,48,3
"Friday Oct 7, 2016",Friday,Oct,7,2016,24,37,42,50,65,14
"Tuesday Oct 4, 2016",Tuesday,Oct,4,2016,18,29,30,54,66,1
"Friday Sep 30, 2016",Friday,Sep,30,2016,21,30,47,50,57,9
"Tuesday Sep 27, 2016",Tuesday,Sep,27,2016,14,16,26,53,72,4
"Friday Sep 23, 2016",Friday,Sep,23,2016,1,5,8,25,62,14
"Tuesday Sep 20, 2016",Tuesday,Sep,20,2016,2,22,34,62,72,2
"Friday Sep 16, 2016",Friday,Sep,16,2016,13,21,28,34,40,15
"Tuesday Sep 13, 2016",Tuesday,Sep,13,2016,6,15,17,39,56,15
"Friday Sep 9, 2016",Friday,Sep,9,2016,1,34,43,44,63,11
"Tuesday Sep 6, 2016",Tuesday,Sep,6,2016,25,37,58,69,75,8
"Friday Sep 2, 2016",Friday,Sep,2,2016,22,28,41,46,60,3
"Tuesday Aug 30, 2016",Tuesday,Aug,30,2016,28,32,41,51,71,11
"Friday Aug 26, 2016",Friday,Aug,26,2016,10,11,31,41,44,14
"Tuesday Aug 23, 2016",Tuesday,Aug,23,2016,2,7,46,61,66,1
"Friday Aug 19, 2016",Friday,Aug,19,2016,22,37,45,65,73,13
"Tuesday Aug 16, 2016",Tuesday,Aug,16,2016,2,43,52,62,63,6
"Friday Aug 12, 2016",Friday,Aug,12,2016,4,41,44,56,69,10
"Tuesday Aug 9, 2016",Tuesday,Aug,9,2016,12,19,20,44,66,1
"Friday Aug 5, 2016",Friday,Aug,5,2016,5,18,28,54,74,6
"Tuesday Aug 2, 2016",Tuesday,Aug,2,2016,3,12,36,54,70,12
"Friday Jul 29, 2016",Friday,Jul,29,2016,11,16,19,31,48,4
"Tuesday Jul 26, 2016",Tuesday,Jul,26,2016,1,4,31,36,54,9
"Friday Jul 22, 2016",Friday,Jul,22,2016,8,24,25,26,30,7
"Tuesday Jul 19, 2016",Tuesday,Jul,19,2016,3,34,54,65,66,4
"Friday Jul 15, 2016",Friday,Jul,15,2016,16,51,52,56,58,4
"Tuesday Jul 12, 2016",Tuesday,Jul,12,2016,6,8,22,46,68,4
"Friday Jul 8, 2016",Friday,Jul,8,2016,8,19,20,55,73,5
"Tuesday Jul 5, 2016",Tuesday,Jul,5,2016,29,46,53,64,73,10
"Friday Jul 1, 2016",Friday,Jul,1,2016,20,41,42,45,49,14
"Tuesday Jun 28, 2016",Tuesday,Jun,28,2016,15,17,20,35,55,7
"Friday Jun 24, 2016",Friday,Jun,24,2016,11,14,54,57,63,11
"Tuesday Jun 21, 2016",Tuesday,Jun,21,2016,6,13,21,49,50,10
"Friday Jun 17, 2016",Friday,Jun,17,2016,20,23,30,44,59,9
"Tuesday Jun 14, 2016",Tuesday,Jun,14,2016,36,37,38,52,62,6
"Friday Jun 10, 2016",Friday,Jun,10,2016,34,61,66,67,68,7
"Tuesday Jun 7, 2016",Tuesday,Jun,7,2016,25,48,51,65,72,4
"Friday Jun 3, 2016",Friday,Jun,3,2016,32,54,65,66,71,10
"Tuesday May 31, 2016",Tuesday,May,31,2016,9,31,34,41,49,8
"Friday May 27, 2016",Friday,May,27,2016,18,41,50,68,70,9
"Tuesday May 24, 2016",Tuesday,May,24,2016,11,50,51,70,75,15
"Friday May 20, 2016",Friday,May,20,2016,19,24,26,40,68,8
"Tuesday May 17, 2016",Tuesday,May,17,2016,17,24,27,48,75,6
"Friday May 13, 2016",Friday,May,13,2016,20,21,38,54,66,7
"Tuesday May 10, 2016",Tuesday,May,10,2016,12,22,46,56,74,4
"Friday May 6, 2016",Friday,May,6,2016,14,26,27,32,36,7
"Tuesday May 3, 2016",Tuesday,May,3,2016,28,29,33,36,45,15
"Friday Apr 29, 2016",Friday,Apr,29,2016,5,6,37,55,74,10
"Tuesday Apr 26, 2016",Tuesday,Apr,26,2016,14,16,17,28,48,2
"Friday Apr 22, 2016",Friday,Apr,22,2016,2,19,21,42,60,13
"Tuesday Apr 19, 2016",Tuesday,Apr,19,2016,9,28,40,57,65,2
"Friday Apr 15, 2016",Friday,Apr,15,2016,9,10,34,37,73,9
"Tuesday Apr 12, 2016",Tuesday,Apr,12,2016,7,11,59,62,63,3
"Friday Apr 8, 2016",Friday,Apr,8,2016,31,38,52,65,71,15
"Tuesday Apr 5, 2016",Tuesday,Apr,5,2016,13,45,52,53,57,10
"Friday Apr 1, 2016",Friday,Apr,1,2016,25,28,33,41,69,6
"Tuesday Mar 29, 2016",Tuesday,Mar,29,2016,33,38,40,46,49,15
"Friday Mar 25, 2016",Friday,Mar,25,2016,4,11,12,35,46,12
"Tuesday Mar 22, 2016",Tuesday,Mar,22,2016,6,19,34,38,70,5
"Friday Mar 18, 2016",Friday,Mar,18,2016,5,8,57,59,73,13
"Tuesday Mar 15, 2016",Tuesday,Mar,15,2016,18,26,30,44,68,7
"Friday Mar 11, 2016",Friday,Mar,11,2016,14,18,48,54,71,13
"Tuesday Mar 8, 2016",Tuesday,Mar,8,2016,27,37,54,66,69,5
"Friday Mar 4, 2016",Friday,Mar,4,2016,21,26,33,48,73,14
"Tuesday Mar 1, 2016",Tuesday,Mar,1,2016,1,29,33,34,55,6
"Friday Feb 26, 2016",Friday,Feb,26,2016,3,15,19,62,74,14
"Tuesday Feb 23, 2016",Tuesday,Feb,23,2016,16,32,39,53,57,10
"Friday Feb 19, 2016",Friday,Feb,19,2016,2,27,41,50,75,4
"Tuesday Feb 16, 2016",Tuesday,Feb,16,2016,9,31,33,46,64,4
"Friday Feb 12, 2016",Friday,Feb,12,2016,1,7,44,68,73,1
"Tuesday Feb 9, 2016",Tuesday,Feb,9,2016,3,42,46,56,71,13
"Friday Feb 5, 2016",Friday,Feb,5,2016,4,6,23,55,75,2
"Tuesday Feb 2, 2016",Tuesday,Feb,2,2016,7,13,25,51,70,9
"Friday Jan 29, 2016",Friday,Jan,29,2016,20,28,49,51,52,6
"Tuesday Jan 26, 2016",Tuesday,Jan,26,2016,14,27,39,50,69,2
"Friday Jan 22, 2016",Friday,Jan,22,2016,21,25,40,46,56,3
"Tuesday Jan 19, 2016",Tuesday,Jan,19,2016,2,17,31,39,47,9
"Friday Jan 15, 2016",Friday,Jan,15,2016,29,41,53,54,70,12
"Tuesday Jan 12, 2016",Tuesday,Jan,12,2016,15,27,29,31,48,15
"Friday Jan 8, 2016",Friday,Jan,8,2016,11,39,51,57,75,2
"Tuesday Jan 5, 2016",Tuesday,Jan,5,2016,1,4,36,48,57,13
"Friday Jan 1, 2016",Friday,Jan,1,2016,7,18,37,38,39,9
"Tuesday Dec 29, 2015",Tuesday,Dec,29,2015,20,25,55,62,74,7
"Friday Dec 25, 2015",Friday,Dec,25,2015,15,25,29,44,51,4
"Tuesday Dec 22, 2015",Tuesday,Dec,22,2015,11,21,40,50,70,15
"Friday Dec 18, 2015",Friday,Dec,18,2015,6,23,24,28,62,7
"Tuesday Dec 15, 2015",Tuesday,Dec,15,2015,18,25,47,51,61,5
"Friday Dec 11, 2015",Friday,Dec,11,2015,14,20,43,54,69,5
"Tuesday Dec 8, 2015",Tuesday,Dec,8,2015,7,17,37,49,73,15
"Friday Dec 4, 2015",Friday,Dec,4,2015,26,42,47,61,73,6
"Tuesday Dec 1, 2015",Tuesday,Dec,1,2015,5,7,25,50,59,12
"Friday Nov 27, 2015",Friday,Nov,27,2015,16,20,39,56,59,12
"Tuesday Nov 24, 2015",Tuesday,Nov,24,2015,2,19,30,38,70,8
"Friday Nov 20, 2015",Friday,Nov,20,2015,9,12,29,37,67,15
"Tuesday Nov 17, 2015",Tuesday,Nov,17,2015,12,14,18,24,61,10
"Friday Nov 13, 2015",Friday,Nov,13,2015,17,18,31,35,59,9
"Tuesday Nov 10, 2015",Tuesday,Nov,10,2015,8,17,20,45,71,4
"Friday Nov 6, 2015",Friday,Nov,6,2015,10,31,35,50,72,8
"Tuesday Nov 3, 2015",Tuesday,Nov,3,2015,16,29,44,69,74,12
"Friday Oct 30, 2015",Friday,Oct,30,2015,17,41,51,53,56,15
"Tuesday Oct 27, 2015",Tuesday,Oct,27,2015,9,26,27,29,74,4
"Friday Oct 23, 2015",Friday,Oct,23,2015,25,32,37,45,70,1
"Tuesday Oct 20, 2015",Tuesday,Oct,20,2015,6,25,35,38,52,4
"Friday Oct 16, 2015",Friday,Oct,16,2015,2,38,48,61,68,4
"Tuesday Oct 13, 2015",Tuesday,Oct,13,2015,7,9,24,38,52,1
"Friday Oct 9, 2015",Friday,Oct,9,2015,8,9,21,63,75,14
"Tuesday Oct 6, 2015",Tuesday,Oct,6,2015,17,58,63,64,66,13
"Friday Oct 2, 2015",Friday,Oct,2,2015,4,14,29,31,47,9
"Tuesday Sep 29, 2015",Tuesday,Sep,29,2015,8,21,30,61,62,9
"Friday Sep 25, 2015",Friday,Sep,25,2015,3,8,38,51,64,4
"Tuesday Sep 22, 2015",Tuesday,Sep,22,2015,28,30,38,45,51,8
"Friday Sep 18, 2015",Friday,Sep,18,2015,17,34,35,51,65,7
"Tuesday Sep 15, 2015",Tuesday,Sep,15,2015,7,20,35,49,56,9
"Friday Sep 11, 2015",Friday,Sep,11,2015,5,11,31,50,67,14
"Tuesday Sep 8, 2015",Tuesday,Sep,8,2015,19,20,36,41,46,7
"Friday Sep 4, 2015",Friday,Sep,4,2015,17,21,39,52,57,5
"Tuesday Sep 1, 2015",Tuesday,Sep,1,2015,2,5,35,40,54,13
"Friday Aug 28, 2015",Friday,Aug,28,2015,13,35,40,60,68,9
"Tuesday Aug 25, 2015",Tuesday,Aug,25,2015,5,44,54,59,63,1
"Friday Aug 21, 2015",Friday,Aug,21,2015,13,15,21,41,72,1
"Tuesday Aug 18, 2015",Tuesday,Aug,18,2015,2,7,33,39,53,9
"Friday Aug 14, 2015",Friday,Aug,14,2015,12,15,20,52,71,3
"Tuesday Aug 11, 2015",Tuesday,Aug,11,2015,3,8,29,57,68,8
"Friday Aug 7, 2015",Friday,Aug,7,2015,1,38,53,63,66,10
"Tuesday Aug 4, 2015",Tuesday,Aug,4,2015,2,19,44,51,57,14
"Friday Jul 31, 2015",Friday,Jul,31,2015,28,32,33,40,46,10
"Tuesday Jul 28, 2015",Tuesday,Jul,28,2015,8,35,61,68,75,15
"Friday Jul 24, 2015",Friday,Jul,24,2015,10,12,26,60,62,13
"Tuesday Jul 21, 2015",Tuesday,Jul,21,2015,20,30,62,65,74,1
"Friday Jul 17, 2015",Friday,Jul,17,2015,6,17,30,31,41,15
"Tuesday Jul 14, 2015",Tuesday,Jul,14,2015,19,24,30,35,72,5
"Friday Jul 10, 2015",Friday,Jul,10,2015,24,27,45,51,54,8
"Tuesday Jul 7, 2015",Tuesday,Jul,7,2015,6,15,16,28,49,14
"Friday Jul 3, 2015",Friday,Jul,3,2015,33,50,64,71,72,9
"Tuesday Jun 30, 2015",Tuesday,Jun,30,2015,11,17,34,43,50,15
"Friday Jun 26, 2015",Friday,Jun,26,2015,12,23,33,47,50,3
"Tuesday Jun 23, 2015",Tuesday,Jun,23,2015,6,13,38,56,70,2
"Friday Jun 19, 2015",Friday,Jun,19,2015,4,35,36,52,68,8
"Tuesday Jun 16, 2015",Tuesday,Jun,16,2015,8,19,26,56,67,14
"Friday Jun 12, 2015",Friday,Jun,12,2015,1,40,42,56,62,2
"Tuesday Jun 9, 2015",Tuesday,Jun,9,2015,6,16,17,25,36,7
"Friday Jun 5, 2015",Friday,Jun,5,2015,7,22,27,41,49,10
"Tuesday Jun 2, 2015",Tuesday,Jun,2,2015,2,9,11,22,23,12
"Friday May 29, 2015",Friday,May,29,2015,20,27,38,49,66,2
"Tuesday May 26, 2015",Tuesday,May,26,2015,1,39,52,69,72,12
"Friday May 22, 2015",Friday,May,22,2015,3,14,15,25,48,8
"Tuesday May 19, 2015",Tuesday,May,19,2015,10,12,21,29,65,10
"Friday May 15, 2015",Friday,May,15,2015,11,17,21,36,74,15
"Tuesday May 12, 2015",Tuesday,May,12,2015,14,30,33,36,44,2
"Friday May 8, 2015",Friday,May,8,2015,9,21,25,66,72,7
"Tuesday May 5, 2015",Tuesday,May,5,2015,11,21,42,62,71,7
"Friday May 1, 2015",Friday,May,1,2015,17,18,61,66,74,3
"Tuesday Apr 28, 2015",Tuesday,Apr,28,2015,22,27,55,58,63,11
"Friday Apr 24, 2015",Friday,Apr,24,2015,24,25,29,47,67,4
"Tuesday Apr 21, 2015",Tuesday,Apr,21,2015,31,33,35,41,69,11
"Friday Apr 17, 2015",Friday,Apr,17,2015,15,18,29,41,50,5
"Tuesday Apr 14, 2015",Tuesday,Apr,14,2015,3,7,25,68,71,3
"Friday Apr 10, 2015",Friday,Apr,10,2015,6,11,32,46,68,9
"Tuesday Apr 7, 2015",Tuesday,Apr,7,2015,5,15,22,26,64,6
"Friday Apr 3, 2015",Friday,Apr,3,2015,10,36,47,63,74,2
"Tuesday Mar 31, 2015",Tuesday,Mar,31,2015,8,26,41,61,73,11
"Friday Mar 27, 2015",Friday,Mar,27,2015,17,21,36,58,70,3
"Tuesday Mar 24, 2015",Tuesday,Mar,24,2015,2,23,32,45,55,12
"Friday Mar 20, 2015",Friday,Mar,20,2015,7,50,54,61,75,7
"Tuesday Mar 17, 2015",Tuesday,Mar,17,2015,11,27,44,45,58,3
"Friday Mar 13, 2015",Friday,Mar,13,2015,8,22,30,42,45,3
"Tuesday Mar 10, 2015",Tuesday,Mar,10,2015,10,14,19,30,73,14
"Friday Mar 6, 2015",Friday,Mar,6,2015,30,48,55,68,73,5
"Tuesday Mar 3, 2015",Tuesday,Mar,3,2015,9,11,42,44,50,3
"Friday Feb 27, 2015",Friday,Feb,27,2015,7,49,53,60,64,4
"Tuesday Feb 24, 2015",Tuesday,Feb,24,2015,15,23,26,45,66,4
"Friday Feb 20, 2015",Friday,Feb,20,2015,2,6,8,52,66,13
"Tuesday Feb 17, 2015",Tuesday,Feb,17,2015,6,45,50,65,66,1
"Friday Feb 13, 2015",Friday,Feb,13,2015,4,20,44,65,74,14
"Tuesday Feb 10, 2015",Tuesday,Feb,10,2015,7,42,53,58,71,15
"Friday Feb 6, 2015",Friday,Feb,6,2015,5,6,17,33,68,13
"Tuesday Feb 3, 2015",Tuesday,Feb,3,2015,11,22,25,58,69,13
"Friday Jan 30, 2015",Friday,Jan,30,2015,18,31,39,45,55,6
"Tuesday Jan 27, 2015",Tuesday,Jan,27,2015,5,26,27,44,57,7
"Friday Jan 23, 2015",Friday,Jan,23,2015,14,15,32,68,72,8
"Tuesday Jan 20, 2015",Tuesday,Jan,20,2015,31,35,56,59,63,6
"Friday Jan 16, 2015",Friday,Jan,16,2015,26,32,44,45,58,11
"Tuesday Jan 13, 2015",Tuesday,Jan,13,2015,12,20,25,50,51,7
"Friday Jan 9, 2015",Friday,Jan,9,2015,37,49,50,56,57,8
"Tuesday Jan 6, 2015",Tuesday,Jan,6,2015,12,20,27,38,75,4
"Friday Jan 2, 2015",Friday,Jan,2,2015,13,15,35,62,74,12
"Tuesday Dec 30, 2014",Tuesday,Dec,30,2014,3,7,44,63,67,12
"Friday Dec 26, 2014",Friday,Dec,26,2014,2,5,10,20,38,14
"Tuesday Dec 23, 2014",Tuesday,Dec,23,2014,4,10,31,56,66,7
"Friday Dec 19, 2014",Friday,Dec,19,2014,14,18,58,59,68,4
"Tuesday Dec 16, 2014",Tuesday,Dec,16,2014,41,58,68,72,73,1
"Friday Dec 12, 2014",Friday,Dec,12,2014,2,31,46,58,65,7
"Tuesday Dec 9, 2014",Tuesday,Dec,9,2014,27,45,49,51,52,14
"Friday Dec 5, 2014",Friday,Dec,5,2014,4,5,11,51,59,5
"Tuesday Dec 2, 2014",Tuesday,Dec,2,2014,13,18,22,49,62,11
"Friday Nov 28, 2014",Friday,Nov,28,2014,8,26,29,36,47,10
"Tuesday Nov 25, 2014",Tuesday,Nov,25,2014,10,11,29,47,56,4
"Friday Nov 21, 2014",Friday,Nov,21,2014,3,12,35,37,63,15
"Tuesday Nov 18, 2014",Tuesday,Nov,18,2014,37,39,53,68,75,6
"Friday Nov 14, 2014",Friday,Nov,14,2014,3,49,61,62,68,15
"Tuesday Nov 11, 2014",Tuesday,Nov,11,2014,23,25,28,30,75,11
"Friday Nov 7, 2014",Friday,Nov,7,2014,31,35,41,65,66,5
"Tuesday Nov 4, 2014",Tuesday,Nov,4,2014,9,15,24,39,41,1
"Friday Oct 31, 2014",Friday,Oct,31,2014,11,29,36,58,67,15
"Tuesday Oct 28, 2014",Tuesday,Oct,28,2014,3,50,57,58,60,11
"Friday Oct 24, 2014",Friday,Oct,24,2014,2,14,21,28,55,3
"Tuesday Oct 21, 2014",Tuesday,Oct,21,2014,5,35,37,41,66,11
"Friday Oct 17, 2014",Friday,Oct,17,2014,21,31,43,56,60,12
"Tuesday Oct 14, 2014",Tuesday,Oct,14,2014,11,37,46,64,68,15
"Friday Oct 10, 2014",Friday,Oct,10,2014,2,32,35,50,59,3
"Tuesday Oct 7, 2014",Tuesday,Oct,7,2014,16,29,46,48,55,2
"Friday Oct 3, 2014",Friday,Oct,3,2014,3,20,34,58,67,6
"Tuesday Sep 30, 2014",Tuesday,Sep,30,2014,3,16,52,54,61,6
"Friday Sep 26, 2014",Friday,Sep,26,2014,17,26,35,46,62,9
"Tuesday Sep 23, 2014",Tuesday,Sep,23,2014,21,24,25,40,43,12
"Friday Sep 19, 2014",Friday,Sep,19,2014,16,25,27,29,34,2
"Tuesday Sep 16, 2014",Tuesday,Sep,16,2014,25,45,51,53,73,2
"Friday Sep 12, 2014",Friday,Sep,12,2014,18,28,33,36,42,7
"Tuesday Sep 9, 2014",Tuesday,Sep,9,2014,25,34,55,70,71,1
"Friday Sep 5, 2014",Friday,Sep,5,2014,7,12,20,24,59,7
"Tuesday Sep 2, 2014",Tuesday,Sep,2,2014,1,8,54,69,72,1
"Friday Aug 29, 2014",Friday,Aug,29,2014,3,26,45,58,73,12
"Tuesday Aug 26, 2014",Tuesday,Aug,26,2014,29,31,51,60,64,1
"Friday Aug 22, 2014",Friday,Aug,22,2014,5,31,34,41,74,3
"Tuesday Aug 19, 2014",Tuesday,Aug,19,2014,22,39,56,67,71,15
"Friday Aug 15, 2014",Friday,Aug,15,2014,16,19,28,29,68,9
"Tuesday Aug 12, 2014",Tuesday,Aug,12,2014,32,53,60,63,68,6
"Friday Aug 8, 2014",Friday,Aug,8,2014,9,16,61,70,75,7
"Tuesday Aug 5, 2014",Tuesday,Aug,5,2014,25,28,36,45,53,6
"Friday Aug 1, 2014",Friday,Aug,1,2014,13,29,34,37,72,6
"Tuesday Jul 29, 2014",Tuesday,Jul,29,2014,2,8,16,43,74,1
"Friday Jul 25, 2014",Friday,Jul,25,2014,22,29,33,41,68,12
"Tuesday Jul 22, 2014",Tuesday,Jul,22,2014,14,18,22,31,47,15
"Friday Jul 18, 2014",Friday,Jul,18,2014,5,8,59,65,72,3
"Tuesday Jul 15, 2014",Tuesday,Jul,15,2014,2,4,17,36,40,5
"Friday Jul 11, 2014",Friday,Jul,11,2014,9,13,30,35,69,10
"Tuesday Jul 8, 2014",Tuesday,Jul,8,2014,14,25,27,48,49,9
"Friday Jul 4, 2014",Friday,Jul,4,2014,16,33,39,58,69,2
"Tuesday Jul 1, 2014",Tuesday,Jul,1,2014,9,22,38,47,49,15
"Friday Jun 27, 2014",Friday,Jun,27,2014,15,29,31,46,64,10
"Tuesday Jun 24, 2014",Tuesday,Jun,24,2014,13,17,24,47,65,10
"Friday Jun 20, 2014",Friday,Jun,20,2014,1,22,25,29,56,3
"Tuesday Jun 17, 2014",Tuesday,Jun,17,2014,10,14,24,47,60,3
"Friday Jun 13, 2014",Friday,Jun,13,2014,7,38,46,49,56,1
"Tuesday Jun 10, 2014",Tuesday,Jun,10,2014,2,10,24,26,74,7
"Friday Jun 6, 2014",Friday,Jun,6,2014,12,29,37,49,72,9
"Tuesday Jun 3, 2014",Tuesday,Jun,3,2014,19,28,62,66,74,6
"Friday May 30, 2014",Friday,May,30,2014,10,13,42,43,62,2
"Tuesday May 27, 2014",Tuesday,May,27,2014,1,6,10,46,58,13
"Friday May 23, 2014",Friday,May,23,2014,12,14,21,38,70,15
"Tuesday May 20, 2014",Tuesday,May,20,2014,10,40,63,64,69,7
"Friday May 16, 2014",Friday,May,16,2014,13,14,16,50,56,11
"Tuesday May 13, 2014",Tuesday,May,13,2014,37,46,48,70,74,1
"Friday May 9, 2014",Friday,May,9,2014,10,28,39,51,59,14
"Tuesday May 6, 2014",Tuesday,May,6,2014,18,20,27,48,51,5
"Friday May 2, 2014",Friday,May,2,2014,1,18,26,35,40,13
"Tuesday Apr 29, 2014",Tuesday,Apr,29,2014,7,43,59,61,66,3
"Friday Apr 25, 2014",Friday,Apr,25,2014,3,11,18,20,66,9
"Tuesday Apr 22, 2014",Tuesday,Apr,22,2014,2,18,19,49,50,1
"Friday Apr 18, 2014",Friday,Apr,18,2014,18,25,38,45,63,9
"Tuesday Apr 15, 2014",Tuesday,Apr,15,2014,4,39,46,47,70,13
"Friday Apr 11, 2014",Friday,Apr,11,2014,3,42,44,47,57,8
"Tuesday Apr 8, 2014",Tuesday,Apr,8,2014,35,36,41,60,71,3
"Friday Apr 4, 2014",Friday,Apr,4,2014,1,10,15,41,54,9
"Tuesday Apr 1, 2014",Tuesday,Apr,1,2014,10,23,68,74,75,9
"Friday Mar 28, 2014",Friday,Mar,28,2014,2,3,9,50,73,12
"Tuesday Mar 25, 2014",Tuesday,Mar,25,2014,19,26,51,57,73,15
"Friday Mar 21, 2014",Friday,Mar,21,2014,2,23,30,35,53,10
"Tuesday Mar 18, 2014",Tuesday,Mar,18,2014,11,19,24,33,51,7
"Friday Mar 14, 2014",Friday,Mar,14,2014,7,20,40,54,69,12
"Tuesday Mar 11, 2014",Tuesday,Mar,11,2014,9,14,56,57,69,10
"Friday Mar 7, 2014",Friday,Mar,7,2014,11,13,51,57,69,1
"Tuesday Mar 4, 2014",Tuesday,Mar,4,2014,10,29,31,35,45,10
"Friday Feb 28, 2014",Friday,Feb,28,2014,3,31,50,58,59,6
"Tuesday Feb 25, 2014",Tuesday,Feb,25,2014,12,18,25,35,66,15
"Friday Feb 21, 2014",Friday,Feb,21,2014,23,29,32,45,46,15
"Tuesday Feb 18, 2014",Tuesday,Feb,18,2014,23,29,31,37,70,14
"Friday Feb 14, 2014",Friday,Feb,14,2014,20,28,35,71,72,7
"Tuesday Feb 11, 2014",Tuesday,Feb,11,2014,43,64,67,71,73,4
"Friday Feb 7, 2014",Friday,Feb,7,2014,11,21,23,35,64,10
"Tuesday Feb 4, 2014",Tuesday,Feb,4,2014,25,44,49,60,73,9
